{
  "cycles": [
    0,
    1,
    2,
    3,
    4,
    5,
    6,
    7,
    8
  ],
  "labeled_counts": [
    203,
    335,
    464,
    601,
    754,
    908,
    1044,
    1183,
    1321
  ],
  "val_dice": [
    0.6285897374153138,
    0.6999353319406509,
    0.7106111754070629,
    0.8213825325171152,
    0.879575702879164,
    0.8332934275917385,
    0.8894417104513749,
    0.8707667728265126,
    0.8980373945087194
  ],
  "test_dice": [
    0.5983343720436096,
    0.6855947971343994,
    0.700360119342804,
    0.8215872645378113,
    0.8792977333068848,
    0.848541796207428,
    0.8919510245323181,
    0.8762738108634949,
    0.9019600749015808
  ],
  "test_hd95": [
    33.811767578125,
    26.223360061645508,
    18.278121948242188,
    8.157655715942383,
    4.966044902801514,
    6.911674976348877,
    2.512047052383423,
    5.894080638885498,
    2.888373374938965
  ]
}