{
  "cycles": [
    0,
    1,
    2,
    3,
    4,
    5,
    6,
    7,
    8
  ],
  "labeled_counts": [
    203,
    362,
    511,
    670,
    791,
    930,
    1110,
    1266,
    1391
  ],
  "val_dice": [
    0.6505631327629089,
    0.8586814403533936,
    0.8410739256785467,
    0.8681927993893623,
    0.8903542876243591,
    0.8763778629126372,
    0.8770814262903653,
    0.8814353545506796,
    0.8898652936473037
  ],
  "test_dice": [
    0.6212544441223145,
    0.8644609451293945,
    0.8520792126655579,
    0.873103141784668,
    0.8949397206306458,
    0.8832413554191589,
    0.8874911665916443,
    0.8838582038879395,
    0.8966222405433655
  ],
  "test_hd95": [
    30.731657028198242,
    6.547834873199463,
    3.984469413757324,
    4.127043724060059,
    3.9298887252807617,
    4.047462463378906,
    3.34267520904541,
    2.7142581939697266,
    3.483661651611328
  ]
}