{
  "cycles": [
    0,
    1,
    2,
    3,
    4,
    5,
    6,
    7,
    8
  ],
  "labeled_counts": [
    203,
<<<<<<< HEAD
    362,
    511,
    670,
    791,
    930,
    1110,
    1266,
    1391
  ],
  "val_dice": [
    0.6505631327629089,
    0.8586814403533936,
    0.8410739256785467,
    0.8681927993893623,
    0.8903542876243591,
    0.8763778629126372,
    0.8770814262903653,
    0.8814353545506796,
    0.8898652936473037
  ],
  "test_dice": [
    0.6212544441223145,
    0.8644609451293945,
    0.8520792126655579,
    0.873103141784668,
    0.8949397206306458,
    0.8832413554191589,
    0.8874911665916443,
    0.8838582038879395,
    0.8966222405433655
  ],
  "test_hd95": [
    30.731657028198242,
    6.547834873199463,
    3.984469413757324,
    4.127043724060059,
    3.9298887252807617,
    4.047462463378906,
    3.34267520904541,
    2.7142581939697266,
    3.483661651611328
=======
    322,
    459,
    604,
    753,
    893,
    1054,
    1193,
    1327
  ],
  "val_dice": [
    0.64049152135849,
    0.6653268081801278,
    0.8750827193260193,
    0.8351926436791053,
    0.8630373666160985,
    0.8606823533773422,
    0.8861921688784724,
    0.8634136549888118,
    0.8949926983226429
  ],
  "test_dice": [
    0.6125854253768921,
    0.6507852673530579,
    0.8759840130805969,
    0.8498423099517822,
    0.8632573485374451,
    0.8691616058349609,
    0.8938028812408447,
    0.8677170872688293,
    0.898512065410614
  ],
  "test_hd95": [
    31.422691345214844,
    24.270530700683594,
    4.386148452758789,
    6.999788761138916,
    5.08435583114624,
    3.848294973373413,
    3.4988901615142822,
    4.595737934112549,
    3.4132626056671143
>>>>>>> 1d18016 (multiplicative architecture)
  ]
}