{
  "cycles": [
    0,
    1,
    2,
    3,
    4,
    5,
    6,
    7,
    8
  ],
  "labeled_counts": [
    203,
    328,
    477,
    613,
    764,
    899,
    1048,
    1183,
    1319
  ],
  "val_dice": [
    0.6413679480552673,
    0.6690347961017064,
    0.850442369778951,
    0.8792710985456195,
    0.8630202789055673,
    0.8559655904769897,
    0.8689209199868716,
    0.8458914180596669,
    0.885790866613388
  ],
  "test_dice": [
    0.610839307308197,
    0.6413386464118958,
    0.872412383556366,
    0.88330078125,
    0.8636317253112793,
    0.866927444934845,
    0.8791935443878174,
    0.8450739979743958,
    0.8890194296836853
  ],
  "test_hd95": [
    32.03468704223633,
    26.022409439086914,
    3.2118327617645264,
    2.5006470680236816,
    4.993750095367432,
    3.91286301612854,
    6.446567058563232,
    7.653379917144775,
    5.185551166534424
  ]
}