{
  "cycle": 2,
  "labeled_slices": 464,
  "mean_dice": 0.700360119342804,
  "mean_hd95": 18.278121948242188,
  "mean_iou": 0.5877559568845865,
  "mean_precision": 0.6126510976729068,
  "mean_recall": 0.9401336420666088,
  "class_dice": [
    0.40167945623397827,
    0.8017938733100891,
    0.8976070284843445
  ]
}