{
  "cycle": 4,
  "labeled_slices": 791,
  "mean_dice": 0.8949397206306458,
  "mean_hd95": 3.9298887252807617,
  "mean_iou": 0.7765158876776695,
  "mean_precision": 0.8631335337956746,
  "mean_recall": 0.9494856943686804,
  "class_dice": [
    0.8632500171661377,
    0.8697462677955627,
    0.9518230557441711
  ]
}