{
  "cycle": 0,
  "labeled_slices": 203,
  "mean_dice": 0.5983343720436096,
  "mean_hd95": 33.811767578125,
  "mean_iou": 0.5195786941796541,
  "mean_precision": 0.5526109148437778,
  "mean_recall": 0.9460810542106628,
  "class_dice": [
    0.1232062503695488,
    0.7554115056991577,
    0.9163854122161865
  ]
}