{
  "cycle": 3,
  "labeled_slices": 670,
  "mean_dice": 0.873103141784668,
  "mean_hd95": 4.127043724060059,
  "mean_iou": 0.7707477820416292,
  "mean_precision": 0.868407408396403,
  "mean_recall": 0.9398657927910486,
  "class_dice": [
    0.8315512537956238,
    0.8579408526420593,
    0.9298174381256104
  ]
}