{
  "cycle": 5,
<<<<<<< HEAD
  "labeled_slices": 930,
  "mean_dice": 0.8832413554191589,
  "mean_hd95": 4.047462463378906,
  "mean_iou": 0.774248891406589,
  "mean_precision": 0.8560476652633997,
  "mean_recall": 0.9456710418065389,
  "class_dice": [
    0.8603326082229614,
    0.8671220541000366,
    0.9222694635391235
=======
  "labeled_slices": 893,
  "mean_dice": 0.8691616058349609,
  "mean_hd95": 3.848294973373413,
  "mean_iou": 0.746059760865238,
  "mean_precision": 0.8404220889012018,
  "mean_recall": 0.926498230960634,
  "class_dice": [
    0.8580095171928406,
    0.8463448882102966,
    0.9031304717063904
>>>>>>> 1d18016 (multiplicative architecture)
  ]
}