{
  "cycle": 4,
  "labeled_slices": 764,
  "mean_dice": 0.8636317253112793,
  "mean_hd95": 4.993750095367432,
  "mean_iou": 0.7377013511825026,
  "mean_precision": 0.8416851915811238,
  "mean_recall": 0.8946391333613479,
  "class_dice": [
    0.8236311078071594,
    0.8464904427528381,
    0.9207736253738403
  ]
}