{
  "cycle": 6,
<<<<<<< HEAD
  "labeled_slices": 1110,
  "mean_dice": 0.8874911665916443,
  "mean_hd95": 3.34267520904541,
  "mean_iou": 0.7640810104516836,
  "mean_precision": 0.8501857526791401,
  "mean_recall": 0.9472453510149931,
  "class_dice": [
    0.862762987613678,
    0.8677343130111694,
    0.9319761395454407
=======
  "labeled_slices": 1054,
  "mean_dice": 0.8938028812408447,
  "mean_hd95": 3.4988901615142822,
  "mean_iou": 0.7825156346611355,
  "mean_precision": 0.8531981875067172,
  "mean_recall": 0.9460926012716432,
  "class_dice": [
    0.9009145498275757,
    0.8702852725982666,
    0.9102088809013367
>>>>>>> 1d18016 (multiplicative architecture)
  ]
}