{
  "cycle": 3,
  "labeled_slices": 613,
  "mean_dice": 0.88330078125,
  "mean_hd95": 2.5006470680236816,
  "mean_iou": 0.751285752370244,
  "mean_precision": 0.8450865390754881,
  "mean_recall": 0.9488488109338851,
  "class_dice": [
    0.8475890159606934,
    0.8757973909378052,
    0.926516056060791
  ]
}