{
  "cycle": 3,
<<<<<<< HEAD
  "labeled_slices": 670,
  "mean_dice": 0.873103141784668,
  "mean_hd95": 4.127043724060059,
  "mean_iou": 0.7707477820416292,
  "mean_precision": 0.868407408396403,
  "mean_recall": 0.9398657927910486,
  "class_dice": [
    0.8315512537956238,
    0.8579408526420593,
    0.9298174381256104
=======
  "labeled_slices": 610,
  "mean_dice": 0.7702201008796692,
  "mean_hd95": 13.285611152648926,
  "mean_iou": 0.6338403321625221,
  "mean_precision": 0.763065734079906,
  "mean_recall": 0.7605582308911142,
  "class_dice": [
    0.6311492919921875,
    0.7783346176147461,
    0.9011764526367188
>>>>>>> 1d18016 (multiplicative architecture)
  ]
}