{
  "cycle": 5,
  "labeled_slices": 899,
  "mean_dice": 0.866927444934845,
  "mean_hd95": 3.91286301612854,
  "mean_iou": 0.7379943174123764,
  "mean_precision": 0.8174957195917766,
  "mean_recall": 0.9413544758160909,
  "class_dice": [
    0.8439338803291321,
    0.8386847376823425,
    0.9181637167930603
  ]
}