{
  "cycle": 8,
  "labeled_slices": 1321,
  "mean_dice": 0.9019600749015808,
  "mean_hd95": 2.888373374938965,
  "mean_iou": 0.7890628405536214,
  "mean_precision": 0.8803976830095053,
  "mean_recall": 0.9451221680889527,
  "class_dice": [
    0.874152660369873,
    0.8903670310974121,
    0.941360592842102
  ]
}