{
  "cycle": 0,
  "labeled_slices": 203,
<<<<<<< HEAD
  "mean_dice": 0.6212544441223145,
  "mean_hd95": 30.731657028198242,
  "mean_iou": 0.5438974889616172,
  "mean_precision": 0.5848986027141412,
  "mean_recall": 0.956660795211792,
  "class_dice": [
    0.1426674872636795,
    0.79720538854599,
    0.9238904118537903
=======
  "mean_dice": 0.6118326783180237,
  "mean_hd95": 31.9254150390625,
  "mean_iou": 0.5314051194116474,
  "mean_precision": 0.5743404058118661,
  "mean_recall": 0.9529616673787434,
  "class_dice": [
    0.14506188035011292,
    0.7731855511665344,
    0.9172506332397461
>>>>>>> 1d18016 (multiplicative architecture)
  ]
}