{
  "cycle": 1,
  "labeled_slices": 362,
  "mean_dice": 0.8644609451293945,
  "mean_hd95": 6.547834873199463,
  "mean_iou": 0.7490045541808719,
  "mean_precision": 0.8162805296125866,
  "mean_recall": 0.9449648005621774,
  "class_dice": [
    0.8312100172042847,
    0.8413008451461792,
    0.9208720922470093
  ]
}