{
  "cycle": 5,
  "labeled_slices": 908,
  "mean_dice": 0.848541796207428,
  "mean_hd95": 6.911674976348877,
  "mean_iou": 0.7159045252247133,
  "mean_precision": 0.8001103755356609,
  "mean_recall": 0.9092653851578201,
  "class_dice": [
    0.8017699718475342,
    0.8337211608886719,
    0.9101342558860779
  ]
}