{
  "cycle": 3,
  "labeled_slices": 601,
  "mean_dice": 0.8215872645378113,
  "mean_hd95": 8.157655715942383,
  "mean_iou": 0.6826461123095618,
  "mean_precision": 0.7575300567679935,
  "mean_recall": 0.8833220650752386,
  "class_dice": [
    0.7538716197013855,
    0.8081965446472168,
    0.9026933908462524
  ]
}