{
  "cycle": 1,
  "labeled_slices": 328,
  "mean_dice": 0.6413386464118958,
  "mean_hd95": 26.022409439086914,
  "mean_iou": 0.5573962096657071,
  "mean_precision": 0.599227404842774,
  "mean_recall": 0.9414526649883815,
  "class_dice": [
    0.1810687780380249,
    0.8269937634468079,
    0.9159533381462097
  ]
}