{
  "cycle": 2,
  "labeled_slices": 477,
  "mean_dice": 0.872412383556366,
  "mean_hd95": 3.2118327617645264,
  "mean_iou": 0.7172923766904407,
  "mean_precision": 0.7881292195783721,
  "mean_recall": 0.9274061752690209,
  "class_dice": [
    0.8399395942687988,
    0.8480228781700134,
    0.9292744994163513
  ]
}