{
  "cycle": 7,
<<<<<<< HEAD
  "labeled_slices": 1266,
  "mean_dice": 0.8838582038879395,
  "mean_hd95": 2.7142581939697266,
  "mean_iou": 0.7659656504789988,
  "mean_precision": 0.8494364163021982,
  "mean_recall": 0.9446919685528602,
  "class_dice": [
    0.8546056151390076,
    0.8694437742233276,
    0.9275252223014832
=======
  "labeled_slices": 1193,
  "mean_dice": 0.8677170872688293,
  "mean_hd95": 4.595737934112549,
  "mean_iou": 0.7435765718260119,
  "mean_precision": 0.847566783107737,
  "mean_recall": 0.9108037352561951,
  "class_dice": [
    0.8584054708480835,
    0.8449342250823975,
    0.8998115062713623
>>>>>>> 1d18016 (multiplicative architecture)
  ]
}