{
  "cycle": 8,
<<<<<<< HEAD
  "labeled_slices": 1391,
  "mean_dice": 0.8966222405433655,
  "mean_hd95": 3.483661651611328,
  "mean_iou": 0.780639627967218,
  "mean_precision": 0.858439423219122,
  "mean_recall": 0.9484144948949718,
  "class_dice": [
    0.8757207989692688,
    0.8785651326179504,
    0.935580849647522
=======
  "labeled_slices": 1327,
  "mean_dice": 0.898512065410614,
  "mean_hd95": 3.4132626056671143,
  "mean_iou": 0.7786293463273481,
  "mean_precision": 0.8753183869400409,
  "mean_recall": 0.9427973983263729,
  "class_dice": [
    0.875342607498169,
    0.8859723210334778,
    0.9342212080955505
>>>>>>> 1d18016 (multiplicative architecture)
  ]
}