{
  "cycle": 4,
<<<<<<< HEAD
  "labeled_slices": 791,
  "mean_dice": 0.8949397206306458,
  "mean_hd95": 3.9298887252807617,
  "mean_iou": 0.7765158876776695,
  "mean_precision": 0.8631335337956746,
  "mean_recall": 0.9494856943686804,
  "class_dice": [
    0.8632500171661377,
    0.8697462677955627,
    0.9518230557441711
=======
  "labeled_slices": 753,
  "mean_dice": 0.8632573485374451,
  "mean_hd95": 5.08435583114624,
  "mean_iou": 0.7402425795270685,
  "mean_precision": 0.8341094004480463,
  "mean_recall": 0.932407067533125,
  "class_dice": [
    0.7944072484970093,
    0.8574042320251465,
    0.9379605650901794
>>>>>>> 1d18016 (multiplicative architecture)
  ]
}