{
  "cycle": 8,
  "labeled_slices": 1391,
  "mean_dice": 0.8966222405433655,
  "mean_hd95": 3.483661651611328,
  "mean_iou": 0.780639627967218,
  "mean_precision": 0.858439423219122,
  "mean_recall": 0.9484144948949718,
  "class_dice": [
    0.8757207989692688,
    0.8785651326179504,
    0.935580849647522
  ]
}