{
  "cycle": 1,
<<<<<<< HEAD
  "labeled_slices": 362,
  "mean_dice": 0.8644609451293945,
  "mean_hd95": 6.547834873199463,
  "mean_iou": 0.7490045541808719,
  "mean_precision": 0.8162805296125866,
  "mean_recall": 0.9449648005621774,
  "class_dice": [
    0.8312100172042847,
    0.8413008451461792,
    0.9208720922470093
=======
  "labeled_slices": 340,
  "mean_dice": 0.8325276374816895,
  "mean_hd95": 10.751496315002441,
  "mean_iou": 0.6958699538594201,
  "mean_precision": 0.8021779159704844,
  "mean_recall": 0.869729315950757,
  "class_dice": [
    0.7598959803581238,
    0.8111882209777832,
    0.9264985918998718
>>>>>>> 1d18016 (multiplicative architecture)
  ]
}