{
  "cycle": 2,
  "labeled_slices": 511,
  "mean_dice": 0.8520792126655579,
  "mean_hd95": 3.984469413757324,
  "mean_iou": 0.7303157364710783,
  "mean_precision": 0.831501502257127,
  "mean_recall": 0.9326048248853439,
  "class_dice": [
    0.8119416832923889,
    0.8237298727035522,
    0.9205660223960876
  ]
}