{
  "cycle": 8,
  "labeled_slices": 1319,
  "mean_dice": 0.8890194296836853,
  "mean_hd95": 5.185551166534424,
  "mean_iou": 0.7658548527293735,
  "mean_precision": 0.8628549387057622,
  "mean_recall": 0.9390068531036377,
  "class_dice": [
    0.8643895983695984,
    0.8783497214317322,
    0.9243189692497253
  ]
}