{
  "cycle": 7,
  "labeled_slices": 1183,
  "mean_dice": 0.8450739979743958,
  "mean_hd95": 7.653379917144775,
  "mean_iou": 0.7251697782220112,
  "mean_precision": 0.8246948013703028,
  "mean_recall": 0.8922155857914024,
  "class_dice": [
    0.7702577114105225,
    0.835679829120636,
    0.9292846918106079
  ]
}