{
  "cycle": 6,
  "labeled_slices": 1044,
  "mean_dice": 0.8919510245323181,
  "mean_hd95": 2.512047052383423,
  "mean_iou": 0.7782689855582472,
  "mean_precision": 0.8644825837750366,
  "mean_recall": 0.9493334120598392,
  "class_dice": [
    0.8678313493728638,
    0.8771007657051086,
    0.9309208393096924
  ]
}