{
  "cycle": 4,
  "labeled_slices": 754,
  "mean_dice": 0.8792977333068848,
  "mean_hd95": 4.966044902801514,
  "mean_iou": 0.7549655454026328,
  "mean_precision": 0.8294513512540747,
  "mean_recall": 0.9485626949204339,
  "class_dice": [
    0.8367351293563843,
    0.8590711355209351,
    0.9420868754386902
  ]
}