{
  "cycle": 0,
  "labeled_slices": 203,
  "mean_dice": 0.610839307308197,
  "mean_hd95": 32.03468704223633,
  "mean_iou": 0.529434950525562,
  "mean_precision": 0.5761300733312964,
  "mean_recall": 0.9466873009999593,
  "class_dice": [
    0.13858048617839813,
    0.7800974249839783,
    0.9138398766517639
  ]
}