{
  "cycle": 2,
<<<<<<< HEAD
  "labeled_slices": 511,
  "mean_dice": 0.8520792126655579,
  "mean_hd95": 3.984469413757324,
  "mean_iou": 0.7303157364710783,
  "mean_precision": 0.831501502257127,
  "mean_recall": 0.9326048248853439,
  "class_dice": [
    0.8119416832923889,
    0.8237298727035522,
    0.9205660223960876
=======
  "labeled_slices": 464,
  "mean_dice": 0.7936005592346191,
  "mean_hd95": 12.713286399841309,
  "mean_iou": 0.640255051128792,
  "mean_precision": 0.7750310870734128,
  "mean_recall": 0.8142073317007585,
  "class_dice": [
    0.696219265460968,
    0.7876229286193848,
    0.8969595432281494
>>>>>>> 1d18016 (multiplicative architecture)
  ]
}