{
  "cycle": 7,
  "labeled_slices": 1183,
  "mean_dice": 0.8762738108634949,
  "mean_hd95": 5.894080638885498,
  "mean_iou": 0.7524340391159058,
  "mean_precision": 0.8204788741138246,
  "mean_recall": 0.9391687499152289,
  "class_dice": [
    0.8276718258857727,
    0.8693367838859558,
    0.9318128824234009
  ]
}