{
  "cycle": 1,
  "labeled_slices": 335,
  "mean_dice": 0.6855947971343994,
  "mean_hd95": 26.223360061645508,
  "mean_iou": 0.5803726419496039,
  "mean_precision": 0.6178936727034549,
  "mean_recall": 0.9320530941088995,
  "class_dice": [
    0.35635098814964294,
    0.8047859072685242,
    0.8956474661827087
  ]
}