{
  "cycle": 6,
  "labeled_slices": 1110,
  "mean_dice": 0.8874911665916443,
  "mean_hd95": 3.34267520904541,
  "mean_iou": 0.7640810104516836,
  "mean_precision": 0.8501857526791401,
  "mean_recall": 0.9472453510149931,
  "class_dice": [
    0.862762987613678,
    0.8677343130111694,
    0.9319761395454407
  ]
}