{
  "cycle": 5,
  "labeled_slices": 930,
  "mean_dice": 0.8832413554191589,
  "mean_hd95": 4.047462463378906,
  "mean_iou": 0.774248891406589,
  "mean_precision": 0.8560476652633997,
  "mean_recall": 0.9456710418065389,
  "class_dice": [
    0.8603326082229614,
    0.8671220541000366,
    0.9222694635391235
  ]
}