{
  "cycle": 6,
  "labeled_slices": 1048,
  "mean_dice": 0.8791935443878174,
  "mean_hd95": 6.446567058563232,
  "mean_iou": 0.7479580957920123,
  "mean_precision": 0.8281031591005814,
  "mean_recall": 0.9253487915564806,
  "class_dice": [
    0.8592091798782349,
    0.8615947961807251,
    0.9167765974998474
  ]
}