{
  "cycle": 0,
  "labeled_slices": 203,
  "mean_dice": 0.6212544441223145,
  "mean_hd95": 30.731657028198242,
  "mean_iou": 0.5438974889616172,
  "mean_precision": 0.5848986027141412,
  "mean_recall": 0.956660795211792,
  "class_dice": [
    0.1426674872636795,
    0.79720538854599,
    0.9238904118537903
  ]
}