{
  "mean_dice": 0.9028103351593018,
  "mean_hd95": 2.8054583072662354,
  "mean_iou": 0.7839563805535137,
  "mean_precision": 0.8672624375805797,
  "mean_recall": 0.9533222218354543,
  "class_dice": [
    0.8782854080200195,
    0.8876021504402161,
    0.9425435066223145
  ]
}