{
  "mean_dice": 0.910838782787323,
  "mean_hd95": 2.3380367755889893,
  "mean_iou": 0.7993222153049776,
  "mean_precision": 0.8678730392535984,
  "mean_recall": 0.9584497855084152,
  "class_dice": [
    0.893730878829956,
    0.8915140628814697,
    0.9472712278366089
  ]
}