{
<<<<<<< HEAD
  "mean_dice": 0.910838782787323,
  "mean_hd95": 2.3380367755889893,
  "mean_iou": 0.7993222153049776,
  "mean_precision": 0.8678730392535984,
  "mean_recall": 0.9584497855084152,
  "class_dice": [
    0.893730878829956,
    0.8915140628814697,
    0.9472712278366089
=======
  "mean_dice": 0.9054544568061829,
  "mean_hd95": 2.6599814891815186,
  "mean_iou": 0.7883111957804745,
  "mean_precision": 0.8734990084267046,
  "mean_recall": 0.9502341062668337,
  "class_dice": [
    0.8841593265533447,
    0.8894656896591187,
    0.9427383542060852
>>>>>>> 1d18016 (multiplicative architecture)
  ]
}