{
  "mean_dice": 0.9027168154716492,
  "mean_hd95": 2.916248321533203,
  "mean_iou": 0.781392189529207,
  "mean_precision": 0.8629480069333857,
  "mean_recall": 0.9538397573461437,
  "class_dice": [
    0.8808903694152832,
    0.8859816789627075,
    0.9412782192230225
  ]
}